date,currency,rate
2023-08-01,USD,36.5686
2023-08-01,EUR,40.3242
2023-08-01,PLN,9.1566
2023-08-02,USD,36.5686
2023-08-02,EUR,40.134
2023-08-02,PLN,9.0682
2023-08-03,USD,36.5686
2023-08-03,EUR,40.145
2023-08-03,PLN,9.0317
2023-08-04,USD,36.5686
2023-08-04,EUR,39.9914
2023-08-04,PLN,8.9666
2023-08-05,USD,36.5686
2023-08-05,EUR,39.9914
2023-08-05,PLN,8.9666
2023-08-06,USD,36.5686
2023-08-06,EUR,39.9914
2023-08-06,PLN,8.9666
2023-08-07,USD,36.5686
2023-08-07,EUR,40.0024
2023-08-07,PLN,8.9938
2023-08-08,USD,36.5686
2023-08-08,EUR,40.1633
2023-08-08,PLN,9.0967
2023-08-09,USD,36.5686
2023-08-09,EUR,40.0134
2023-08-09,PLN,9.0099
2023-08-10,USD,36.5686
2023-08-10,EUR,40.1194
2023-08-10,PLN,8.9847
2023-08-11,USD,36.5686
2023-08-11,EUR,40.284
2023-08-11,PLN,9.0315
2023-08-12,USD,36.5686
2023-08-12,EUR,40.284
2023-08-12,PLN,9.0315
2023-08-13,USD,36.5686
2023-08-13,EUR,40.284
2023-08-13,PLN,9.0315
2023-08-14,USD,36.5686
2023-08-14,EUR,40.2145
2023-08-14,PLN,9.0646
2023-08-15,USD,36.5686
2023-08-15,EUR,40.006
2023-08-15,PLN,9.0239
2023-08-16,USD,36.5686
2023-08-16,EUR,39.9658
2023-08-16,PLN,8.9044
2023-08-17,USD,36.5686
2023-08-17,EUR,39.911
2023-08-17,PLN,8.9642
2023-08-18,USD,36.5686
2023-08-18,EUR,39.8415
2023-08-18,PLN,8.9074
2023-08-19,USD,36.5686
2023-08-19,EUR,39.8415
2023-08-19,PLN,8.9074
2023-08-20,USD,36.5686
2023-08-20,EUR,39.8415
2023-08-20,PLN,8.9074
2023-08-21,USD,36.5686
2023-08-21,EUR,39.7245
2023-08-21,PLN,8.8806
2023-08-22,USD,36.5686
2023-08-22,EUR,39.889
2023-08-22,PLN,8.9057
2023-08-23,USD,36.5686
2023-08-23,EUR,39.8086
2023-08-23,PLN,8.915
2023-08-24,USD,36.5686
2023-08-24,EUR,39.5343
2023-08-24,PLN,8.8289
2023-08-25,USD,36.5686
2023-08-25,EUR,39.655
2023-08-25,PLN,8.8587
2023-08-26,USD,36.5686
2023-08-26,EUR,39.655
2023-08-26,PLN,8.8587
2023-08-27,USD,36.5686
2023-08-27,EUR,39.655
2023-08-27,PLN,8.8587
2023-08-28,USD,36.5686
2023-08-28,EUR,39.5051
2023-08-28,PLN,8.842
2023-08-29,USD,36.5686
2023-08-29,EUR,39.516
2023-08-29,PLN,8.8283
2023-08-30,USD,36.5686
2023-08-30,EUR,39.516
2023-08-30,PLN,8.8392
2023-08-31,USD,36.5686
2023-08-31,EUR,39.7903
2023-08-31,PLN,8.8934
2023-09-01,USD,36.5686
2023-09-01,EUR,39.7391
2023-09-01,PLN,8.8957
2023-09-02,USD,36.5686
2023-09-02,EUR,39.7391
2023-09-02,PLN,8.8957
2023-09-03,USD,36.5686
2023-09-03,EUR,39.7391
2023-09-03,PLN,8.8957
2023-09-04,USD,36.5686
2023-09-04,EUR,39.6221
2023-09-04,PLN,8.8662
2023-09-05,USD,36.5686
2023-09-05,EUR,39.4977
2023-09-05,PLN,8.8445
2023-09-06,USD,36.5686
2023-09-06,EUR,39.2527
2023-09-06,PLN,8.7432
2023-09-07,USD,36.5686
2023-09-07,EUR,39.2856
2023-09-07,PLN,8.7261
2023-09-08,USD,36.5686
2023-09-08,EUR,39.1467
2023-09-08,PLN,8.5335
2023-09-09,USD,36.5686
2023-09-09,EUR,39.1467
2023-09-09,PLN,8.5335
2023-09-10,USD,36.5686
2023-09-10,EUR,39.1467
2023-09-10,PLN,8.5335
2023-09-11,USD,36.5686
2023-09-11,EUR,39.1247
2023-09-11,PLN,8.4663
2023-09-12,USD,36.5686
2023-09-12,EUR,39.1979
2023-09-12,PLN,8.4458
2023-09-13,USD,36.5686
2023-09-13,EUR,39.1906
2023-09-13,PLN,8.405
2023-09-14,USD,36.5686
2023-09-14,EUR,39.2674
2023-09-14,PLN,8.4988
2023-09-15,USD,36.5686
2023-09-15,EUR,39.2381
2023-09-15,PLN,8.4742
2023-09-16,USD,36.5686
2023-09-16,EUR,39.2381
2023-09-16,PLN,8.4742
2023-09-17,USD,36.5686
2023-09-17,EUR,39.2381
2023-09-17,PLN,8.4742
2023-09-18,USD,36.5686
2023-09-18,EUR,38.9602
2023-09-18,PLN,8.4043
2023-09-19,USD,36.5686
2023-09-19,EUR,38.9931
2023-09-19,PLN,8.4052
2023-09-20,USD,36.5686
2023-09-20,EUR,39.154
2023-09-20,PLN,8.4056
2023-09-21,USD,36.5686
2023-09-21,EUR,39.1394
2023-09-21,PLN,8.4281
2023-09-22,USD,36.5686
2023-09-22,EUR,38.8944
2023-09-22,PLN,8.4075
2023-09-23,USD,36.5686
2023-09-23,EUR,38.8944
2023-09-23,PLN,8.4075
2023-09-24,USD,36.5686
2023-09-24,EUR,38.8944
2023-09-24,PLN,8.4075
2023-09-25,USD,36.5686
2023-09-25,EUR,38.898
2023-09-25,PLN,8.4624
2023-09-26,USD,36.5686
2023-09-26,EUR,38.8724
2023-09-26,PLN,8.4714
2023-09-27,USD,36.5686
2023-09-27,EUR,38.7609
2023-09-27,PLN,8.4091
2023-09-28,USD,36.5686
2023-09-28,EUR,38.5506
2023-09-28,PLN,8.3429
2023-09-29,USD,36.5686
2023-09-29,EUR,38.5543
2023-09-29,PLN,8.3165
2023-09-30,USD,36.5686
2023-09-30,EUR,38.5543
2023-09-30,PLN,8.3165
2023-10-01,USD,36.5686
2023-10-01,EUR,38.5543
2023-10-01,PLN,8.3165
2023-10-02,USD,36.5686
2023-10-02,EUR,38.7408
2023-10-02,PLN,8.3704
2023-10-03,USD,36.5686
2023-10-03,EUR,38.5177
2023-10-03,PLN,8.3526
2023-10-04,USD,36.5901
2023-10-04,EUR,38.3263
2023-10-04,PLN,8.2871
2023-10-05,USD,36.6023
2023-10-05,EUR,38.4288
2023-10-05,PLN,8.3021
2023-10-06,USD,36.6216
2023-10-06,EUR,38.5406
2023-10-06,PLN,8.3708
2023-10-07,USD,36.6216
2023-10-07,EUR,38.5406
2023-10-07,PLN,8.3708
2023-10-08,USD,36.6216
2023-10-08,EUR,38.5406
2023-10-08,PLN,8.3708
2023-10-09,USD,36.5827
2023-10-09,EUR,38.6533
2023-10-09,PLN,8.4106
2023-10-10,USD,36.5527
2023-10-10,EUR,38.4827
2023-10-10,PLN,8.4014
2023-10-11,USD,36.5058
2023-10-11,EUR,38.6049
2023-10-11,PLN,8.4667
2023-10-12,USD,36.4385
2023-10-12,EUR,38.6394
2023-10-12,PLN,8.5554
2023-10-13,USD,36.3931
2023-10-13,EUR,38.6422
2023-10-13,PLN,8.5318
2023-10-14,USD,36.3931
2023-10-14,EUR,38.6422
2023-10-14,PLN,8.5318
2023-10-15,USD,36.3931
2023-10-15,EUR,38.6422
2023-10-15,PLN,8.5318
2023-10-16,USD,36.3688
2023-10-16,EUR,38.2782
2023-10-16,PLN,8.4369
2023-10-17,USD,36.3297
2023-10-17,EUR,38.2806
2023-10-17,PLN,8.5546
2023-10-18,USD,36.4507
2023-10-18,EUR,38.5503
2023-10-18,PLN,8.7105
2023-10-19,USD,36.5616
2023-10-19,EUR,38.609
2023-10-19,PLN,8.6923
2023-10-20,USD,36.6118
2023-10-20,EUR,38.6511
2023-10-20,PLN,8.6801
2023-10-21,USD,36.6118
2023-10-21,EUR,38.6511
2023-10-21,PLN,8.6801
2023-10-22,USD,36.6118
2023-10-22,EUR,38.6511
2023-10-22,PLN,8.6801
2023-10-23,USD,36.5401
2023-10-23,EUR,38.7033
2023-10-23,PLN,8.6674
2023-10-24,USD,36.5569
2023-10-24,EUR,38.7613
2023-10-24,PLN,8.6964
2023-10-25,USD,36.579
2023-10-25,EUR,38.9091
2023-10-25,PLN,8.7174
2023-10-26,USD,36.5312
2023-10-26,EUR,38.6171
2023-10-26,PLN,8.6148
2023-10-27,USD,36.5082
2023-10-27,EUR,38.4687
2023-10-27,PLN,8.607
2023-10-28,USD,36.5082
2023-10-28,EUR,38.4687
2023-10-28,PLN,8.607
2023-10-29,USD,36.5082
2023-10-29,EUR,38.4687
2023-10-29,PLN,8.607
2023-10-30,USD,36.4216
2023-10-30,EUR,38.3774
2023-10-30,PLN,8.5746
2023-10-31,USD,36.3659
2023-10-31,EUR,38.5624
2023-10-31,PLN,8.653
2023-11-01,USD,36.2812
2023-11-01,EUR,38.5451
2023-11-01,PLN,8.6812
2023-11-02,USD,36.2655
2023-11-02,EUR,38.2311
2023-11-02,PLN,8.5627
2023-11-03,USD,36.2659
2023-11-03,EUR,38.6703
2023-11-03,PLN,8.6931
2023-11-04,USD,36.2659
2023-11-04,EUR,38.6703
2023-11-04,PLN,8.6931
2023-11-05,USD,36.2659
2023-11-05,EUR,38.6703
2023-11-05,PLN,8.6931
2023-11-06,USD,36.1705
2023-11-06,EUR,38.7278
2023-11-06,PLN,8.7086
2023-11-07,USD,36.0426
2023-11-07,EUR,38.7206
2023-11-07,PLN,8.6691
2023-11-08,USD,36.0371
2023-11-08,EUR,38.484
2023-11-08,PLN,8.6265
2023-11-09,USD,36.0407
2023-11-09,EUR,38.4518
2023-11-09,PLN,8.6108
2023-11-10,USD,36.036
2023-11-10,EUR,38.5225
2023-11-10,PLN,8.6585
2023-11-11,USD,36.036
2023-11-11,EUR,38.5225
2023-11-11,PLN,8.6585
2023-11-12,USD,36.036
2023-11-12,EUR,38.5225
2023-11-12,PLN,8.6585
2023-11-13,USD,36.0779
2023-11-13,EUR,38.542
2023-11-13,PLN,8.7107
2023-11-14,USD,36.1609
2023-11-14,EUR,38.5945
2023-11-14,PLN,8.7175
2023-11-15,USD,36.3171
2023-11-15,EUR,38.9392
2023-11-15,PLN,8.8163
2023-11-16,USD,36.2643
2023-11-16,EUR,39.3939
2023-11-16,PLN,8.9612
2023-11-17,USD,36.2496
2023-11-17,EUR,39.3054
2023-11-17,PLN,8.9981
2023-11-18,USD,36.2496
2023-11-18,EUR,39.3054
2023-11-18,PLN,8.9981
2023-11-19,USD,36.2496
2023-11-19,EUR,39.3054
2023-11-19,PLN,8.9981
2023-11-20,USD,36.1394
2023-11-20,EUR,39.2582
2023-11-20,PLN,8.9709
2023-11-21,USD,36.0496
2023-11-21,EUR,39.3986
2023-11-21,PLN,9.0144
2023-11-22,USD,36.0453
2023-11-22,EUR,39.466
2023-11-22,PLN,9.0407
2023-11-23,USD,36.0675
2023-11-23,EUR,39.3352
2023-11-23,PLN,9.0142
2023-11-24,USD,36.0143
2023-11-24,EUR,39.27
2023-11-24,PLN,8.9957
2023-11-25,USD,36.0143
2023-11-25,EUR,39.27
2023-11-25,PLN,8.9957
2023-11-26,USD,36.0143
2023-11-26,EUR,39.27
2023-11-26,PLN,8.9957
2023-11-27,USD,36.0487
2023-11-27,EUR,39.358
2023-11-27,PLN,9.0189
2023-11-28,USD,36.2173
2023-11-28,EUR,39.6579
2023-11-28,PLN,9.1033
2023-11-29,USD,36.3644
2023-11-29,EUR,39.8172
2023-11-29,PLN,9.1586
2023-11-30,USD,36.3752
2023-11-30,EUR,39.9582
2023-11-30,PLN,9.2239
2023-12-01,USD,36.3535
2023-12-01,EUR,39.7235
2023-12-01,PLN,9.1384
2023-12-02,USD,36.3535
2023-12-02,EUR,39.7235
2023-12-02,PLN,9.1384
2023-12-03,USD,36.3535
2023-12-03,EUR,39.7235
2023-12-03,PLN,9.1384
2023-12-04,USD,36.4606
2023-12-04,EUR,39.6582
2023-12-04,PLN,9.1277
2023-12-05,USD,36.5383
2023-12-05,EUR,39.7135
2023-12-05,PLN,9.149
2023-12-06,USD,36.6618
2023-12-06,EUR,39.6461
2023-12-06,PLN,9.1661
2023-12-07,USD,36.6906
2023-12-07,EUR,39.5433
2023-12-07,PLN,9.1139
2023-12-08,USD,36.6722
2023-12-08,EUR,39.496
2023-12-08,PLN,9.1233
2023-12-09,USD,36.6722
2023-12-09,EUR,39.496
2023-12-09,PLN,9.1233
2023-12-10,USD,36.6722
2023-12-10,EUR,39.496
2023-12-10,PLN,9.1233
2023-12-11,USD,36.7424
2023-12-11,EUR,39.601
2023-12-11,PLN,9.1451
2023-12-12,USD,36.8716
2023-12-12,EUR,39.6738
2023-12-12,PLN,9.1611
2023-12-13,USD,36.9861
2023-12-13,EUR,39.9376
2023-12-13,PLN,9.2008
2023-12-14,USD,37.0245
2023-12-14,EUR,39.9217
2023-12-14,PLN,9.2261
2023-12-15,USD,36.9913
2023-12-15,EUR,40.413
2023-12-15,PLN,9.376
2023-12-16,USD,36.9913
2023-12-16,EUR,40.413
2023-12-16,PLN,9.376
2023-12-17,USD,36.9913
2023-12-17,EUR,40.413
2023-12-17,PLN,9.376
2023-12-18,USD,37.0211
2023-12-18,EUR,40.5122
2023-12-18,PLN,9.3936
2023-12-19,USD,37.1924
2023-12-19,EUR,40.5918
2023-12-19,PLN,9.3467
2023-12-20,USD,37.3205
2023-12-20,EUR,40.9219
2023-12-20,PLN,9.4346
2023-12-21,USD,37.5516
2023-12-21,EUR,41.0664
2023-12-21,PLN,9.4546
2023-12-22,USD,37.5964
2023-12-22,EUR,41.2846
2023-12-22,PLN,9.5111
2023-12-23,USD,37.5964
2023-12-23,EUR,41.2846
2023-12-23,PLN,9.5111
2023-12-24,USD,37.5964
2023-12-24,EUR,41.2846
2023-12-24,PLN,9.5111
2023-12-25,USD,37.5525
2023-12-25,EUR,41.3753
2023-12-25,PLN,9.5279
2023-12-26,USD,37.5225
2023-12-26,EUR,41.3611
2023-12-26,PLN,9.5385
2023-12-27,USD,37.3684
2023-12-27,EUR,41.1538
2023-12-27,PLN,9.4901
2023-12-28,USD,37.6194
2023-12-28,EUR,41.6334
2023-12-28,PLN,9.6137
2023-12-29,USD,37.9824
2023-12-29,EUR,42.2079
2023-12-29,PLN,9.7333
2023-12-30,USD,37.9824
2023-12-30,EUR,42.2079
2023-12-30,PLN,9.7333
2023-12-31,USD,37.9824
2023-12-31,EUR,42.2079
2023-12-31,PLN,9.7333
2024-01-01,USD,38.002
2024-01-01,EUR,41.996
2024-01-01,PLN,9.6796
2024-01-02,USD,38.0144
2024-01-02,EUR,42.0059
2024-01-02,PLN,9.6606
2024-01-03,USD,38.0839
2024-01-03,EUR,41.7209
2024-01-03,PLN,9.558
2024-01-04,USD,38.1159
2024-01-04,EUR,41.6073
2024-01-04,PLN,9.5373
2024-01-05,USD,38.0412
2024-01-05,EUR,41.6665
2024-01-05,PLN,9.5872
2024-01-06,USD,38.0412
2024-01-06,EUR,41.6665
2024-01-06,PLN,9.5872
2024-01-07,USD,38.0412
2024-01-07,EUR,41.6665
2024-01-07,PLN,9.5872
2024-01-08,USD,38.0775
2024-01-08,EUR,41.573
2024-01-08,PLN,9.5416
2024-01-09,USD,38.192
2024-01-09,EUR,41.7973
2024-01-09,PLN,9.6165
2024-01-10,USD,38.2253
2024-01-10,EUR,41.8185
2024-01-10,PLN,9.6305
2024-01-11,USD,38.1923
2024-01-11,EUR,41.8015
2024-01-11,PLN,9.6294
2024-01-12,USD,37.9982
2024-01-12,EUR,41.741
2024-01-12,PLN,9.6008
2024-01-13,USD,37.9982
2024-01-13,EUR,41.741
2024-01-13,PLN,9.6008
2024-01-14,USD,37.9982
2024-01-14,EUR,41.741
2024-01-14,PLN,9.6008
2024-01-15,USD,37.8386
2024-01-15,EUR,41.3879
2024-01-15,PLN,9.4881
2024-01-16,USD,37.8641
2024-01-16,EUR,41.4763
2024-01-16,PLN,9.5057
2024-01-17,USD,37.9247
2024-01-17,EUR,41.2848
2024-01-17,PLN,9.4125
2024-01-18,USD,37.8977
2024-01-18,EUR,41.21
2024-01-18,PLN,9.3716
2024-01-19,USD,37.7094
2024-01-19,EUR,41.0146
2024-01-19,PLN,9.3287
2024-01-20,USD,37.7094
2024-01-20,EUR,41.0146
2024-01-20,PLN,9.3287
2024-01-21,USD,37.7094
2024-01-21,EUR,41.0146
2024-01-21,PLN,9.3287
2024-01-22,USD,37.5268
2024-01-22,EUR,40.8404
2024-01-22,PLN,9.3606
2024-01-23,USD,37.4521
2024-01-23,EUR,40.7928
2024-01-23,PLN,9.3506
2024-01-24,USD,37.4544
2024-01-24,EUR,40.6905
2024-01-24,PLN,9.2868
2024-01-25,USD,37.5252
2024-01-25,EUR,40.8837
2024-01-25,PLN,9.3472
2024-01-26,USD,37.5825
2024-01-26,EUR,40.9161
2024-01-26,PLN,9.3466
2024-01-27,USD,37.5825
2024-01-27,EUR,40.9161
2024-01-27,PLN,9.3466
2024-01-28,USD,37.5825
2024-01-28,EUR,40.9161
2024-01-28,PLN,9.3466
2024-01-29,USD,37.7811
2024-01-29,EUR,41.0567
2024-01-29,PLN,9.3771
2024-01-30,USD,37.8862
2024-01-30,EUR,41.0042
2024-01-30,PLN,9.3892
2024-01-31,USD,37.8746
2024-01-31,EUR,41.0845
2024-01-31,PLN,9.4155
2024-02-01,USD,37.5627
2024-02-01,EUR,40.7067
2024-02-01,PLN,9.3935
2024-02-02,USD,37.6047
2024-02-02,EUR,40.6695
2024-02-02,PLN,9.3768
2024-02-03,USD,37.6047
2024-02-03,EUR,40.6695
2024-02-03,PLN,9.3768
2024-02-04,USD,37.6047
2024-02-04,EUR,40.6695
2024-02-04,PLN,9.3768
2024-02-05,USD,37.5698
2024-02-05,EUR,40.8797
2024-02-05,PLN,9.4766
2024-02-06,USD,37.5544
2024-02-06,EUR,40.3747
2024-02-06,PLN,9.3196
2024-02-07,USD,37.6254
2024-02-07,EUR,40.3946
2024-02-07,PLN,9.2843
2024-02-08,USD,37.5937
2024-02-08,EUR,40.5035
2024-02-08,PLN,9.3169
2024-02-09,USD,37.5707
2024-02-09,EUR,40.4129
2024-02-09,PLN,9.3124
2024-02-10,USD,37.5707
2024-02-10,EUR,40.4129
2024-02-10,PLN,9.3124
2024-02-11,USD,37.5707
2024-02-11,EUR,40.4129
2024-02-11,PLN,9.3124
2024-02-12,USD,37.6234
2024-02-12,EUR,40.5129
2024-02-12,PLN,9.3763
2024-02-13,USD,37.8951
2024-02-13,EUR,40.8092
2024-02-13,PLN,9.4424
2024-02-14,USD,38.1264
2024-02-14,EUR,41.1212
2024-02-14,PLN,9.5107
2024-02-15,USD,38.1734
2024-02-15,EUR,40.8684
2024-02-15,PLN,9.4151
2024-02-16,USD,37.9484
2024-02-16,EUR,40.7718
2024-02-16,PLN,9.3897
2024-02-17,USD,37.9484
2024-02-17,EUR,40.7718
2024-02-17,PLN,9.3897
2024-02-18,USD,37.9484
2024-02-18,EUR,40.7718
2024-02-18,PLN,9.3897
2024-02-19,USD,37.9719
2024-02-19,EUR,40.8919
2024-02-19,PLN,9.4223
2024-02-20,USD,38.2847
2024-02-20,EUR,41.2403
2024-02-20,PLN,9.5276
2024-02-21,USD,38.4756
2024-02-21,EUR,41.5421
2024-02-21,PLN,9.6103
2024-02-22,USD,38.6237
2024-02-22,EUR,41.7213
2024-02-22,PLN,9.6704
2024-02-23,USD,38.4803
2024-02-23,EUR,41.728
2024-02-23,PLN,9.6648
2024-02-24,USD,38.4803
2024-02-24,EUR,41.728
2024-02-24,PLN,9.6648
2024-02-25,USD,38.4803
2024-02-25,EUR,41.728
2024-02-25,PLN,9.6648
2024-02-26,USD,38.3527
2024-02-26,EUR,41.5628
2024-02-26,PLN,9.639
2024-02-27,USD,38.3361
2024-02-27,EUR,41.5985
2024-02-27,PLN,9.6586
2024-02-28,USD,38.4249
2024-02-28,EUR,41.7179
2024-02-28,PLN,9.6735
2024-02-29,USD,38.2077
2024-02-29,EUR,41.2968
2024-02-29,PLN,9.6105
2024-03-01,USD,38.0492
2024-03-01,EUR,41.2035
2024-03-01,PLN,9.5395
2024-03-02,USD,38.0492
2024-03-02,EUR,41.2035
2024-03-02,PLN,9.5395
2024-03-03,USD,38.0492
2024-03-03,EUR,41.2035
2024-03-03,PLN,9.5395
2024-03-04,USD,38.1575
2024-03-04,EUR,41.2635
2024-03-04,PLN,9.5554
2024-03-05,USD,38.3135
2024-03-05,EUR,41.5433
2024-03-05,PLN,9.6152
2024-03-06,USD,38.3943
2024-03-06,EUR,41.6463
2024-03-06,PLN,9.6311
2024-03-07,USD,38.2664
2024-03-07,EUR,41.5918
2024-03-07,PLN,9.6774
2024-03-08,USD,38.0836
2024-03-08,EUR,41.4883
2024-03-08,PLN,9.6419
2024-03-09,USD,38.0836
2024-03-09,EUR,41.4883
2024-03-09,PLN,9.6419
2024-03-10,USD,38.0836
2024-03-10,EUR,41.4883
2024-03-10,PLN,9.6419
2024-03-11,USD,38.141
2024-03-11,EUR,41.6957
2024-03-11,PLN,9.6844
2024-03-12,USD,38.3825
2024-03-12,EUR,41.9559
2024-03-12,PLN,9.802
2024-03-13,USD,38.4924
2024-03-13,EUR,42.0414
2024-03-13,PLN,9.8065
2024-03-14,USD,38.7878
2024-03-14,EUR,42.4183
2024-03-14,PLN,9.8888
2024-03-15,USD,38.6854
2024-03-15,EUR,42.287
2024-03-15,PLN,9.8459
2024-03-16,USD,38.6854
2024-03-16,EUR,42.287
2024-03-16,PLN,9.8459
2024-03-17,USD,38.6854
2024-03-17,EUR,42.287
2024-03-17,PLN,9.8459
2024-03-18,USD,38.7998
2024-03-18,EUR,42.2452
2024-03-18,PLN,9.8339
2024-03-19,USD,38.9744
2024-03-19,EUR,42.447
2024-03-19,PLN,9.8443
2024-03-20,USD,39.1338
2024-03-20,EUR,42.4641
2024-03-20,PLN,9.8262
2024-03-21,USD,39.1399
2024-03-21,EUR,42.4394
2024-03-21,PLN,9.8129
2024-03-22,USD,38.9234
2024-03-22,EUR,42.4693
2024-03-22,PLN,9.8725
2024-03-23,USD,38.9234
2024-03-23,EUR,42.4693
2024-03-23,PLN,9.8725
2024-03-24,USD,38.9234
2024-03-24,EUR,42.4693
2024-03-24,PLN,9.8725
2024-03-25,USD,38.9075
2024-03-25,EUR,42.1252
2024-03-25,PLN,9.7564
2024-03-26,USD,39.2298
2024-03-26,EUR,42.4898
2024-03-26,PLN,9.8666
2024-03-27,USD,39.343
2024-03-27,EUR,42.6911
2024-03-27,PLN,9.9023
2024-03-28,USD,39.2273
2024-03-28,EUR,42.442
2024-03-28,PLN,9.8329
2024-03-29,USD,39.2214
2024-03-29,EUR,42.367
2024-03-29,PLN,9.8289
2024-03-30,USD,39.2214
2024-03-30,EUR,42.367
2024-03-30,PLN,9.8289
2024-03-31,USD,39.2214
2024-03-31,EUR,42.367
2024-03-31,PLN,9.8289
2024-04-01,USD,38.9974
2024-04-01,EUR,42.1601
2024-04-01,PLN,9.7772
2024-04-02,USD,39.0749
2024-04-02,EUR,42.1384
2024-04-02,PLN,9.8265
2024-04-03,USD,39.3236
2024-04-03,EUR,42.2768
2024-04-03,PLN,9.839
2024-04-04,USD,39.1953
2024-04-04,EUR,42.2643
2024-04-04,PLN,9.8369
2024-04-05,USD,39.0201
2024-04-05,EUR,42.3485
2024-04-05,PLN,9.859
2024-04-06,USD,39.0201
2024-04-06,EUR,42.3485
2024-04-06,PLN,9.859
2024-04-07,USD,39.0201
2024-04-07,EUR,42.3485
2024-04-07,PLN,9.859
2024-04-08,USD,38.8437
2024-04-08,EUR,42.091
2024-04-08,PLN,9.8244
2024-04-09,USD,38.9882
2024-04-09,EUR,42.2008
2024-04-09,PLN,9.8654
2024-04-10,USD,38.9945
2024-04-10,EUR,42.3519
2024-04-10,PLN,9.9519
2024-04-11,USD,39.0232
2024-04-11,EUR,42.3616
2024-04-11,PLN,9.9503
2024-04-12,USD,39.1676
2024-04-12,EUR,42.019
2024-04-12,PLN,9.8674
2024-04-13,USD,39.1676
2024-04-13,EUR,42.019
2024-04-13,PLN,9.8674
2024-04-14,USD,39.1676
2024-04-14,EUR,42.019
2024-04-14,PLN,9.8674
2024-04-15,USD,39.399
2024-04-15,EUR,41.9678
2024-04-15,PLN,9.8527
2024-04-16,USD,39.5737
2024-04-16,EUR,42.1618
2024-04-16,PLN,9.8205
2024-04-17,USD,39.5737
2024-04-17,EUR,42.1222
2024-04-17,PLN,9.7042
2024-04-18,USD,39.5451
2024-04-18,EUR,42.0562
2024-04-18,PLN,9.6614
2024-04-19,USD,39.6037
2024-04-19,EUR,42.2789
2024-04-19,PLN,9.769
2024-04-20,USD,39.6037
2024-04-20,EUR,42.2789
2024-04-20,PLN,9.769
2024-04-21,USD,39.6037
2024-04-21,EUR,42.2789
2024-04-21,PLN,9.769
2024-04-22,USD,39.7879
2024-04-22,EUR,42.3821
2024-04-22,PLN,9.7865
2024-04-23,USD,39.7836
2024-04-23,EUR,42.3118
2024-04-23,PLN,9.7987
2024-04-24,USD,39.586
2024-04-24,EUR,42.262
2024-04-24,PLN,9.7956
2024-04-25,USD,39.4716
2024-04-25,EUR,42.1833
2024-04-25,PLN,9.7656
2024-04-26,USD,39.6702
2024-04-26,EUR,42.5205
2024-04-26,PLN,9.8591
2024-04-27,USD,39.6702
2024-04-27,EUR,42.5205
2024-04-27,PLN,9.8591
2024-04-28,USD,39.6702
2024-04-28,EUR,42.5205
2024-04-28,PLN,9.8591
2024-04-29,USD,39.6015
2024-04-29,EUR,42.4409
2024-04-29,PLN,9.8181
2024-04-30,USD,39.6688
2024-04-30,EUR,42.4972
2024-04-30,PLN,9.8283
2024-05-01,USD,39.5151
2024-05-01,EUR,42.3641
2024-05-01,PLN,9.8118
2024-05-02,USD,39.637
2024-05-02,EUR,42.2986
2024-05-02,PLN,9.7465
2024-05-03,USD,39.5345
2024-05-03,EUR,42.3098
2024-05-03,PLN,9.7768
2024-05-04,USD,39.5345
2024-05-04,EUR,42.3098
2024-05-04,PLN,9.7768
2024-05-05,USD,39.5345
2024-05-05,EUR,42.3098
2024-05-05,PLN,9.7768
2024-05-06,USD,39.3969
2024-05-06,EUR,42.3359
2024-05-06,PLN,9.7825
2024-05-07,USD,39.3561
2024-05-07,EUR,42.3983
2024-05-07,PLN,9.812
2024-05-08,USD,39.2966
2024-05-08,EUR,42.3087
2024-05-08,PLN,9.8102
2024-05-09,USD,39.3828
2024-05-09,EUR,42.3168
2024-05-09,PLN,9.8251
2024-05-10,USD,39.5518
2024-05-10,EUR,42.4312
2024-05-10,PLN,9.8875
2024-05-11,USD,39.5518
2024-05-11,EUR,42.4312
2024-05-11,PLN,9.8875
2024-05-12,USD,39.5518
2024-05-12,EUR,42.4312
2024-05-12,PLN,9.8875
2024-05-13,USD,39.7206
2024-05-13,EUR,42.8148
2024-05-13,PLN,9.9703
2024-05-14,USD,39.6196
2024-05-14,EUR,42.7495
2024-05-14,PLN,9.9762
2024-05-15,USD,39.6799
2024-05-15,EUR,42.8305
2024-05-15,PLN,10.0328
2024-05-16,USD,39.5771
2024-05-16,EUR,42.8501
2024-05-16,PLN,10.0383
2024-05-17,USD,39.4305
2024-05-17,EUR,42.8452
2024-05-17,PLN,10.0485
2024-05-18,USD,39.4305
2024-05-18,EUR,42.8452
2024-05-18,PLN,10.0485
2024-05-19,USD,39.4305
2024-05-19,EUR,42.8452
2024-05-19,PLN,10.0485
2024-05-20,USD,39.4272
2024-05-20,EUR,42.7549
2024-05-20,PLN,10.0176
2024-05-21,USD,39.665
2024-05-21,EUR,43.0802
2024-05-21,PLN,10.1259
2024-05-22,USD,39.8052
2024-05-22,EUR,43.2643
2024-05-22,PLN,10.1668
2024-05-23,USD,39.825
2024-05-23,EUR,43.1106
2024-05-23,PLN,10.0971
2024-05-24,USD,39.9205
2024-05-24,EUR,43.3137
2024-05-24,PLN,10.1527
2024-05-25,USD,39.9205
2024-05-25,EUR,43.3137
2024-05-25,PLN,10.1527
2024-05-26,USD,39.9205
2024-05-26,EUR,43.3137
2024-05-26,PLN,10.1527
2024-05-27,USD,40.1153
2024-05-27,EUR,43.491
2024-05-27,PLN,10.2168
2024-05-28,USD,40.3012
2024-05-28,EUR,43.759
2024-05-28,PLN,10.2841
2024-05-29,USD,40.3958
2024-05-29,EUR,43.9708
2024-05-29,PLN,10.3446
2024-05-30,USD,40.4832
2024-05-30,EUR,43.9202
2024-05-30,PLN,10.3058
2024-05-31,USD,40.5001
2024-05-31,EUR,43.8171
2024-05-31,PLN,10.2301
2024-06-01,USD,40.5001
2024-06-01,EUR,43.8171
2024-06-01,PLN,10.2301
2024-06-02,USD,40.5001
2024-06-02,EUR,43.8171
2024-06-02,PLN,10.2301
2024-06-03,USD,40.5373
2024-06-03,EUR,43.985
2024-06-03,PLN,10.3167
2024-06-04,USD,40.4813
2024-06-04,EUR,43.8939
2024-06-04,PLN,10.2534
2024-06-05,USD,40.2938
2024-06-05,EUR,43.7671
2024-06-05,PLN,10.1883
2024-06-06,USD,40.1254
2024-06-06,EUR,43.6083
2024-06-06,PLN,10.1283
2024-06-07,USD,40.1537
2024-06-07,EUR,43.627
2024-06-07,PLN,10.1439
2024-06-08,USD,40.1537
2024-06-08,EUR,43.627
2024-06-08,PLN,10.1439
2024-06-09,USD,40.1537
2024-06-09,EUR,43.627
2024-06-09,PLN,10.1439
2024-06-10,USD,40.2485
2024-06-10,EUR,43.8709
2024-06-10,PLN,10.2309
2024-06-11,USD,40.4246
2024-06-11,EUR,43.4726
2024-06-11,PLN,10.0491
2024-06-12,USD,40.5178
2024-06-12,EUR,43.4594
2024-06-12,PLN,10.0098
2024-06-13,USD,40.4441
2024-06-13,EUR,43.532
2024-06-13,PLN,10.0318
2024-06-14,USD,40.6908
2024-06-14,EUR,43.885
2024-06-14,PLN,10.0885
2024-06-15,USD,40.6908
2024-06-15,EUR,43.885
2024-06-15,PLN,10.0885
2024-06-16,USD,40.6908
2024-06-16,EUR,43.885
2024-06-16,PLN,10.0885
2024-06-17,USD,40.649
2024-06-17,EUR,43.4782
2024-06-17,PLN,9.9471
2024-06-18,USD,40.6485
2024-06-18,EUR,43.5366
2024-06-18,PLN,9.9846
2024-06-19,USD,40.5493
2024-06-19,EUR,43.4486
2024-06-19,PLN,9.9789
2024-06-20,USD,40.5381
2024-06-20,EUR,43.5744
2024-06-20,PLN,10.0638
2024-06-21,USD,40.5184
2024-06-21,EUR,43.4276
2024-06-21,PLN,10.0505
2024-06-22,USD,40.5184
2024-06-22,EUR,43.4276
2024-06-22,PLN,10.0505
2024-06-23,USD,40.5184
2024-06-23,EUR,43.4276
2024-06-23,PLN,10.0505
2024-06-24,USD,40.4478
2024-06-24,EUR,43.2347
2024-06-24,PLN,10.0037
2024-06-25,USD,40.5505
2024-06-25,EUR,43.5188
2024-06-25,PLN,10.1192
2024-06-26,USD,40.6545
2024-06-26,EUR,43.545
2024-06-26,PLN,10.1297
2024-06-27,USD,40.5138
2024-06-27,EUR,43.3133
2024-06-27,PLN,10.0558
2024-06-28,USD,40.5374
2024-06-28,EUR,43.3547
2024-06-28,PLN,10.0407
2024-06-29,USD,40.5374
2024-06-29,EUR,43.3547
2024-06-29,PLN,10.0407
2024-06-30,USD,40.5374
2024-06-30,EUR,43.3547
2024-06-30,PLN,10.0407
2024-07-01,USD,40.4542
2024-07-01,EUR,43.2658
2024-07-01,PLN,10.041
2024-07-02,USD,40.6413
2024-07-02,EUR,43.6853
2024-07-02,PLN,10.1601
2024-07-03,USD,40.7476
2024-07-03,EUR,43.6977
2024-07-03,PLN,10.0983
2024-07-04,USD,40.7599
2024-07-04,EUR,43.8495
2024-07-04,PLN,10.1992
2024-07-05,USD,40.5458
2024-07-05,EUR,43.7814
2024-07-05,PLN,10.1994
2024-07-06,USD,40.5458
2024-07-06,EUR,43.7814
2024-07-06,PLN,10.1994
2024-07-07,USD,40.5458
2024-07-07,EUR,43.7814
2024-07-07,PLN,10.1994
2024-07-08,USD,40.542
2024-07-08,EUR,43.8624
2024-07-08,PLN,10.2475
2024-07-09,USD,40.7
2024-07-09,EUR,44.0781
2024-07-09,PLN,10.3075
2024-07-10,USD,40.7662
2024-07-10,EUR,44.0846
2024-07-10,PLN,10.3397
2024-07-11,USD,40.7146
2024-07-11,EUR,44.0776
2024-07-11,PLN,10.3557
2024-07-12,USD,40.8823
2024-07-12,EUR,44.3818
2024-07-12,PLN,10.4305
2024-07-13,USD,40.8823
2024-07-13,EUR,44.3818
2024-07-13,PLN,10.4305
2024-07-14,USD,40.8823
2024-07-14,EUR,44.3818
2024-07-14,PLN,10.4305
2024-07-15,USD,41.0434
2024-07-15,EUR,44.686
2024-07-15,PLN,10.5019
2024-07-16,USD,41.0107
2024-07-16,EUR,44.7263
2024-07-16,PLN,10.5183
2024-07-17,USD,41.2575
2024-07-17,EUR,44.9789
2024-07-17,PLN,10.544
2024-07-18,USD,41.4627
2024-07-18,EUR,45.3457
2024-07-18,PLN,10.5611
2024-07-19,USD,41.422
2024-07-19,EUR,45.2618
2024-07-19,PLN,10.5461
2024-07-20,USD,41.422
2024-07-20,EUR,45.2618
2024-07-20,PLN,10.5461
2024-07-21,USD,41.422
2024-07-21,EUR,45.2618
2024-07-21,PLN,10.5461
2024-07-22,USD,41.4912
2024-07-22,EUR,45.186
2024-07-22,PLN,10.5498
2024-07-23,USD,41.3369
2024-07-23,EUR,44.9952
2024-07-23,PLN,10.5186
2024-07-24,USD,41.2316
2024-07-24,EUR,44.7693
2024-07-24,PLN,10.4694
2024-07-25,USD,41.2174
2024-07-25,EUR,44.7044
2024-07-25,PLN,10.4329
2024-07-26,USD,41.1977
2024-07-26,EUR,44.683
2024-07-26,PLN,10.394
2024-07-27,USD,41.1977
2024-07-27,EUR,44.683
2024-07-27,PLN,10.394
2024-07-28,USD,41.1977
2024-07-28,EUR,44.683
2024-07-28,PLN,10.394
2024-07-29,USD,41.098
2024-07-29,EUR,44.6324
2024-07-29,PLN,10.4437
2024-07-30,USD,41.0478
2024-07-30,EUR,44.4055
2024-07-30,PLN,10.3544
2024-07-31,USD,41.0291
2024-07-31,EUR,44.4181
2024-07-31,PLN,10.3687
2024-08-01,USD,41.0063
2024-08-01,EUR,44.4016
2024-08-01,PLN,10.352
2024-08-02,USD,41.139
2024-08-02,EUR,44.4013
2024-08-02,PLN,10.3375
2024-08-03,USD,41.139
2024-08-03,EUR,44.4013
2024-08-03,PLN,10.3375
2024-08-04,USD,41.139
2024-08-04,EUR,44.4013
2024-08-04,PLN,10.3375
2024-08-05,USD,41.225
2024-08-05,EUR,44.6467
2024-08-05,PLN,10.4077
2024-08-06,USD,41.1966
2024-08-06,EUR,45.1474
2024-08-06,PLN,10.4778
2024-08-07,USD,41.0381
2024-08-07,EUR,44.7931
2024-08-07,PLN,10.3933
2024-08-08,USD,40.9847
2024-08-08,EUR,44.7676
2024-08-08,PLN,10.3709
2024-08-09,USD,40.9926
2024-08-09,EUR,44.809
2024-08-09,PLN,10.3721
2024-08-10,USD,40.9926
2024-08-10,EUR,44.809
2024-08-10,PLN,10.3721
2024-08-11,USD,40.9926
2024-08-11,EUR,44.809
2024-08-11,PLN,10.3721
2024-08-12,USD,41.119
2024-08-12,EUR,44.8855
2024-08-12,PLN,10.3783
2024-08-13,USD,41.283
2024-08-13,EUR,45.1058
2024-08-13,PLN,10.4763
2024-08-14,USD,41.3464
2024-08-14,EUR,45.1957
2024-08-14,PLN,10.5325
2024-08-15,USD,41.3262
2024-08-15,EUR,45.5497
2024-08-15,PLN,10.5997
2024-08-16,USD,41.1382
2024-08-16,EUR,45.3055
2024-08-16,PLN,10.5824
2024-08-17,USD,41.1382
2024-08-17,EUR,45.3055
2024-08-17,PLN,10.5824
2024-08-18,USD,41.1382
2024-08-18,EUR,45.3055
2024-08-18,PLN,10.5824
2024-08-19,USD,41.211
2024-08-19,EUR,45.2991
2024-08-19,PLN,10.6009
2024-08-20,USD,41.3027
2024-08-20,EUR,45.6085
2024-08-20,PLN,10.685
2024-08-21,USD,41.3459
2024-08-21,EUR,45.8195
2024-08-21,PLN,10.7395
2024-08-22,USD,41.2975
2024-08-22,EUR,45.898
2024-08-22,PLN,10.7124
2024-08-23,USD,41.2881
2024-08-23,EUR,45.9826
2024-08-23,PLN,10.742
2024-08-24,USD,41.2881
2024-08-24,EUR,45.9826
2024-08-24,PLN,10.742
2024-08-25,USD,41.2881
2024-08-25,EUR,45.9826
2024-08-25,PLN,10.742
2024-08-26,USD,41.2236
2024-08-26,EUR,45.8406
2024-08-26,PLN,10.7191
2024-08-27,USD,41.3591
2024-08-27,EUR,46.1816
2024-08-27,PLN,10.7877
2024-08-28,USD,41.3008
2024-08-28,EUR,46.1041
2024-08-28,PLN,10.7767
2024-08-29,USD,41.2508
2024-08-29,EUR,45.8791
2024-08-29,PLN,10.6768
2024-08-30,USD,41.1901
2024-08-30,EUR,45.7045
2024-08-30,PLN,10.6572
2024-08-31,USD,41.1901
2024-08-31,EUR,45.7045
2024-08-31,PLN,10.6572
2024-09-01,USD,41.1901
2024-09-01,EUR,45.7045
2024-09-01,PLN,10.6572
2024-09-02,USD,41.0592
2024-09-02,EUR,45.5018
2024-09-02,PLN,10.6354
2024-09-03,USD,41.0976
2024-09-03,EUR,45.4622
2024-09-03,PLN,10.6302
2024-09-04,USD,41.264
2024-09-04,EUR,45.5431
2024-09-04,PLN,10.6466
2024-09-05,USD,41.2766
2024-09-05,EUR,45.6065
2024-09-05,PLN,10.6581
2024-09-06,USD,41.089
2024-09-06,EUR,45.5882
2024-09-06,PLN,10.6766
2024-09-07,USD,41.089
2024-09-07,EUR,45.5882
2024-09-07,PLN,10.6766
2024-09-08,USD,41.089
2024-09-08,EUR,45.5882
2024-09-08,PLN,10.6766
2024-09-09,USD,41.0168
2024-09-09,EUR,45.5574
2024-09-09,PLN,10.6474
2024-09-10,USD,41.0948
2024-09-10,EUR,45.383
2024-09-10,PLN,10.6092
2024-09-11,USD,41.14
2024-09-11,EUR,45.3774
2024-09-11,PLN,10.5935
2024-09-12,USD,41.1855
2024-09-12,EUR,45.4894
2024-09-12,PLN,10.614
2024-09-13,USD,41.2743
2024-09-13,EUR,45.4595
2024-09-13,PLN,10.5761
2024-09-14,USD,41.2743
2024-09-14,EUR,45.4595
2024-09-14,PLN,10.5761
2024-09-15,USD,41.2743
2024-09-15,EUR,45.4595
2024-09-15,PLN,10.5761
2024-09-16,USD,41.3171
2024-09-16,EUR,45.7959
2024-09-16,PLN,10.6738
2024-09-17,USD,41.3591
2024-09-17,EUR,46.0079
2024-09-17,PLN,10.7712
2024-09-18,USD,41.41
2024-09-18,EUR,46.1245
2024-09-18,PLN,10.8109
2024-09-19,USD,41.4508
2024-09-19,EUR,46.1099
2024-09-19,PLN,10.8001
2024-09-20,USD,41.4445
2024-09-20,EUR,46.2396
2024-09-20,PLN,10.8408
2024-09-21,USD,41.4445
2024-09-21,EUR,46.2396
2024-09-21,PLN,10.8408
2024-09-22,USD,41.4445
2024-09-22,EUR,46.2396
2024-09-22,PLN,10.8408
2024-09-23,USD,41.3481
2024-09-23,EUR,46.1486
2024-09-23,PLN,10.7905
2024-09-24,USD,41.3567
2024-09-24,EUR,45.9928
2024-09-24,PLN,10.7596
2024-09-25,USD,41.3744
2024-09-25,EUR,46.0414
2024-09-25,PLN,10.7917
2024-09-26,USD,41.2647
2024-09-26,EUR,46.1958
2024-09-26,PLN,10.8329
2024-09-27,USD,41.2085
2024-09-27,EUR,45.9598
2024-09-27,PLN,10.7586
2024-09-28,USD,41.2085
2024-09-28,EUR,45.9598
2024-09-28,PLN,10.7586
2024-09-29,USD,41.2085
2024-09-29,EUR,45.9598
2024-09-29,PLN,10.7586
2024-09-30,USD,41.1664
2024-09-30,EUR,45.9541
2024-09-30,PLN,10.7512
2024-10-01,USD,41.2199
2024-10-01,EUR,46.1539
2024-10-01,PLN,10.7832
2024-10-02,USD,41.2476
2024-10-02,EUR,45.7106
2024-10-02,PLN,10.6666
2024-10-03,USD,41.2755
2024-10-03,EUR,45.7147
2024-10-03,PLN,10.6443
2024-10-04,USD,41.2202
2024-10-04,EUR,45.5236
2024-10-04,PLN,10.5731
2024-10-05,USD,41.2202
2024-10-05,EUR,45.5236
2024-10-05,PLN,10.5731
2024-10-06,USD,41.2202
2024-10-06,EUR,45.5236
2024-10-06,PLN,10.5731
2024-10-07,USD,41.1859
2024-10-07,EUR,45.4322
2024-10-07,PLN,10.5302
2024-10-08,USD,41.1961
2024-10-08,EUR,45.221
2024-10-08,PLN,10.4625
2024-10-09,USD,41.1756
2024-10-09,EUR,45.2437
2024-10-09,PLN,10.5013
2024-10-10,USD,41.1934
2024-10-10,EUR,45.1274
2024-10-10,PLN,10.4994
2024-10-11,USD,41.2072
2024-10-11,EUR,45.0477
2024-10-11,PLN,10.4635
2024-10-12,USD,41.2072
2024-10-12,EUR,45.0477
2024-10-12,PLN,10.4635
2024-10-13,USD,41.2072
2024-10-13,EUR,45.0477
2024-10-13,PLN,10.4635
2024-10-14,USD,41.1891
2024-10-14,EUR,45.0238
2024-10-14,PLN,10.4972
2024-10-15,USD,41.1963
2024-10-15,EUR,44.9575
2024-10-15,PLN,10.4836
2024-10-16,USD,41.2139
2024-10-16,EUR,44.9232
2024-10-16,PLN,10.4633
2024-10-17,USD,41.2256
2024-10-17,EUR,44.9132
2024-10-17,PLN,10.4472
2024-10-18,USD,41.2351
2024-10-18,EUR,44.7937
2024-10-18,PLN,10.3848
2024-10-19,USD,41.2351
2024-10-19,EUR,44.7937
2024-10-19,PLN,10.3848
2024-10-20,USD,41.2351
2024-10-20,EUR,44.7937
2024-10-20,PLN,10.3848
2024-10-21,USD,41.2308
2024-10-21,EUR,44.7272
2024-10-21,PLN,10.3793
2024-10-22,USD,41.2833
2024-10-22,EUR,44.813
2024-10-22,PLN,10.3792
2024-10-23,USD,41.3313
2024-10-23,EUR,44.7081
2024-10-23,PLN,10.3512
2024-10-24,USD,41.2739
2024-10-24,EUR,44.4355
2024-10-24,PLN,10.2346
2024-10-25,USD,41.263
2024-10-25,EUR,44.5413
2024-10-25,PLN,10.2568
2024-10-26,USD,41.263
2024-10-26,EUR,44.5413
2024-10-26,PLN,10.2568
2024-10-27,USD,41.263
2024-10-27,EUR,44.5413
2024-10-27,PLN,10.2568
2024-10-28,USD,41.3135
2024-10-28,EUR,44.7136
2024-10-28,PLN,10.2844
2024-10-29,USD,41.3292
2024-10-29,EUR,44.6975
2024-10-29,PLN,10.2753
2024-10-30,USD,41.3798
2024-10-30,EUR,44.6074
2024-10-30,PLN,10.2603
2024-10-31,USD,41.279
2024-10-31,EUR,44.635
2024-10-31,PLN,10.2786
2024-11-01,USD,41.2194
2024-11-01,EUR,44.8467
2024-11-01,PLN,10.3033
2024-11-02,USD,41.2194
2024-11-02,EUR,44.8467
2024-11-02,PLN,10.3033
2024-11-03,USD,41.2194
2024-11-03,EUR,44.8467
2024-11-03,PLN,10.3033
2024-11-04,USD,41.2891
2024-11-04,EUR,44.968
2024-11-04,PLN,10.3274
2024-11-05,USD,41.3954
2024-11-05,EUR,45.1417
2024-11-05,PLN,10.3948
2024-11-06,USD,41.4375
2024-11-06,EUR,45.1503
2024-11-06,PLN,10.3555
2024-11-07,USD,41.4562
2024-11-07,EUR,44.3374
2024-11-07,PLN,10.1973
2024-11-08,USD,41.3589
2024-11-08,EUR,44.5642
2024-11-08,PLN,10.306
2024-11-09,USD,41.3589
2024-11-09,EUR,44.5642
2024-11-09,PLN,10.306
2024-11-10,USD,41.3589
2024-11-10,EUR,44.5642
2024-11-10,PLN,10.306
2024-11-11,USD,41.2982
2024-11-11,EUR,44.4864
2024-11-11,PLN,10.2924
2024-11-12,USD,41.2981
2024-11-12,EUR,43.9949
2024-11-12,PLN,10.1313
2024-11-13,USD,41.3763
2024-11-13,EUR,43.9416
2024-11-13,PLN,10.096
2024-11-14,USD,41.3413
2024-11-14,EUR,43.9499
2024-11-14,PLN,10.1267
2024-11-15,USD,41.2446
2024-11-15,EUR,43.4677
2024-11-15,PLN,10.0154
2024-11-16,USD,41.2446
2024-11-16,EUR,43.4677
2024-11-16,PLN,10.0154
2024-11-17,USD,41.2446
2024-11-17,EUR,43.4677
2024-11-17,PLN,10.0154
2024-11-18,USD,41.2796
2024-11-18,EUR,43.6532
2024-11-18,PLN,10.1066
2024-11-19,USD,41.3715
2024-11-19,EUR,43.6345
2024-11-19,PLN,10.0859
2024-11-20,USD,41.331
2024-11-20,EUR,43.691
2024-11-20,PLN,10.095
2024-11-21,USD,41.2533
2024-11-21,EUR,43.5635
2024-11-21,PLN,10.0583
2024-11-22,USD,41.286
2024-11-22,EUR,43.4659
2024-11-22,PLN,10.009
2024-11-23,USD,41.286
2024-11-23,EUR,43.4659
2024-11-23,PLN,10.009
2024-11-24,USD,41.286
2024-11-24,EUR,43.4659
2024-11-24,PLN,10.009
2024-11-25,USD,41.3193
2024-11-25,EUR,42.9927
2024-11-25,PLN,9.9118
2024-11-26,USD,41.4387
2024-11-26,EUR,43.4733
2024-11-26,PLN,10.0623
2024-11-27,USD,41.5035
2024-11-27,EUR,43.6824
2024-11-27,PLN,10.1433
2024-11-28,USD,41.601
2024-11-28,EUR,43.8017
2024-11-28,PLN,10.1575
2024-11-29,USD,41.5956
2024-11-29,EUR,43.8626
2024-11-29,PLN,10.1726
2024-11-30,USD,41.5956
2024-11-30,EUR,43.8626
2024-11-30,PLN,10.1726
2024-12-01,USD,41.5956
2024-12-01,EUR,43.8626
2024-12-01,PLN,10.1726
2024-12-02,USD,41.5847
2024-12-02,EUR,43.901
2024-12-02,PLN,10.2159
2024-12-03,USD,41.6461
2024-12-03,EUR,43.7242
2024-12-03,PLN,10.1899
2024-12-04,USD,41.6972
2024-12-04,EUR,43.8238
2024-12-04,PLN,10.1994
2024-12-05,USD,41.6628
2024-12-05,EUR,43.7043
2024-12-05,PLN,10.1955
2024-12-06,USD,41.5975
2024-12-06,EUR,43.8146
2024-12-06,PLN,10.2512
2024-12-07,USD,41.5975
2024-12-07,EUR,43.8146
2024-12-07,PLN,10.2512
2024-12-08,USD,41.5975
2024-12-08,EUR,43.8146
2024-12-08,PLN,10.2512
2024-12-09,USD,41.4446
2024-12-09,EUR,43.8567
2024-12-09,PLN,10.2751
2024-12-10,USD,41.5093
2024-12-10,EUR,43.8525
2024-12-10,PLN,10.2955
2024-12-11,USD,41.6119
2024-12-11,EUR,43.8215
2024-12-11,PLN,10.2685
2024-12-12,USD,41.6941
2024-12-12,EUR,43.7997
2024-12-12,PLN,10.271
2024-12-13,USD,41.6588
2024-12-13,EUR,43.7042
2024-12-13,PLN,10.2208
2024-12-14,USD,41.6588
2024-12-14,EUR,43.7042
2024-12-14,PLN,10.2208
2024-12-15,USD,41.6588
2024-12-15,EUR,43.7042
2024-12-15,PLN,10.2208
2024-12-16,USD,41.607
2024-12-16,EUR,43.7373
2024-12-16,PLN,10.2518
2024-12-17,USD,41.7403
2024-12-17,EUR,43.8064
2024-12-17,PLN,10.2738
2024-12-18,USD,41.8271
2024-12-18,EUR,43.9143
2024-12-18,PLN,10.3012
2024-12-19,USD,41.9048
2024-12-19,EUR,43.9581
2024-12-19,PLN,10.3257
2024-12-20,USD,41.9292
2024-12-20,EUR,43.577
2024-12-20,PLN,10.2504
2024-12-21,USD,41.9292
2024-12-21,EUR,43.577
2024-12-21,PLN,10.2504
2024-12-22,USD,41.9292
2024-12-22,EUR,43.577
2024-12-22,PLN,10.2504
2024-12-23,USD,41.8761
2024-12-23,EUR,43.5114
2024-12-23,PLN,10.2099
2024-12-24,USD,41.991
2024-12-24,EUR,43.6454
2024-12-24,PLN,10.2118
2024-12-25,USD,41.9875
2024-12-25,EUR,43.6334
2024-12-25,PLN,10.2169
2024-12-26,USD,41.8623
2024-12-26,EUR,43.5159
2024-12-26,PLN,10.1788
2024-12-27,USD,41.8447
2024-12-27,EUR,43.5122
2024-12-27,PLN,10.202
2024-12-28,USD,41.8447
2024-12-28,EUR,43.5122
2024-12-28,PLN,10.202
2024-12-29,USD,41.8447
2024-12-29,EUR,43.5122
2024-12-29,PLN,10.202
2024-12-30,USD,41.9403
2024-12-30,EUR,43.7479
2024-12-30,PLN,10.2291
2024-12-31,USD,42.039
2024-12-31,EUR,43.9266
2024-12-31,PLN,10.2966
2025-01-01,USD,42.0295
2025-01-01,EUR,43.6855
2025-01-01,PLN,10.218
2025-01-02,USD,41.9725
2025-01-02,EUR,43.6052
2025-01-02,PLN,10.2342
2025-01-03,USD,42.0385
2025-01-03,EUR,43.3753
2025-01-03,PLN,10.1456
2025-01-04,USD,42.0385
2025-01-04,EUR,43.3753
2025-01-04,PLN,10.1456
2025-01-05,USD,42.0385
2025-01-05,EUR,43.3753
2025-01-05,PLN,10.1456
2025-01-06,USD,42.0889
2025-01-06,EUR,43.3347
2025-01-06,PLN,10.1404
2025-01-07,USD,42.1959
2025-01-07,EUR,43.9091
2025-01-07,PLN,10.3211
2025-01-08,USD,42.2297
2025-01-08,EUR,43.8767
2025-01-08,PLN,10.3062
2025-01-09,USD,42.2361
2025-01-09,EUR,43.4272
2025-01-09,PLN,10.1558
2025-01-10,USD,42.2825
2025-01-10,EUR,43.5594
2025-01-10,PLN,10.1927
2025-01-11,USD,42.2825
2025-01-11,EUR,43.5594
2025-01-11,PLN,10.1927
2025-01-12,USD,42.2825
2025-01-12,EUR,43.5594
2025-01-12,PLN,10.1927
2025-01-13,USD,42.2841
2025-01-13,EUR,43.5738
2025-01-13,PLN,10.218
2025-01-14,USD,42.2692
2025-01-14,EUR,43.1273
2025-01-14,PLN,10.097
2025-01-15,USD,42.2734
2025-01-15,EUR,43.3218
2025-01-15,PLN,10.1492
2025-01-16,USD,42.2659
2025-01-16,EUR,43.5297
2025-01-16,PLN,10.2129
2025-01-17,USD,42.1729
2025-01-17,EUR,43.32
2025-01-17,PLN,10.1572
2025-01-18,USD,42.1729
2025-01-18,EUR,43.32
2025-01-18,PLN,10.1572
2025-01-19,USD,42.1729
2025-01-19,EUR,43.32
2025-01-19,PLN,10.1572
2025-01-20,USD,42.1257
2025-01-20,EUR,43.3684
2025-01-20,PLN,10.1819
2025-01-21,USD,42.1551
2025-01-21,EUR,43.4998
2025-01-21,PLN,10.2197
2025-01-22,USD,42.1661
2025-01-22,EUR,43.6419
2025-01-22,PLN,10.2571
2025-01-23,USD,42.0325
2025-01-23,EUR,43.8735
2025-01-23,PLN,10.3738
2025-01-24,USD,41.9751
2025-01-24,EUR,43.6709
2025-01-24,PLN,10.3724
2025-01-25,USD,41.9751
2025-01-25,EUR,43.6709
2025-01-25,PLN,10.3724
2025-01-26,USD,41.9751
2025-01-26,EUR,43.6709
2025-01-26,PLN,10.3724
2025-01-27,USD,41.9253
2025-01-27,EUR,43.9168
2025-01-27,PLN,10.4219
2025-01-28,USD,41.9479
2025-01-28,EUR,44.146
2025-01-28,PLN,10.4629
2025-01-29,USD,42.0195
2025-01-29,EUR,43.7843
2025-01-29,PLN,10.405
2025-01-30,USD,41.9294
2025-01-30,EUR,43.6192
2025-01-30,PLN,10.3491
2025-01-31,USD,41.8242
2025-01-31,EUR,43.5097
2025-01-31,PLN,10.3433
2025-02-01,USD,41.8242
2025-02-01,EUR,43.5097
2025-02-01,PLN,10.3433
2025-02-02,USD,41.8242
2025-02-02,EUR,43.5097
2025-02-02,PLN,10.3433
2025-02-03,USD,41.7263
2025-02-03,EUR,43.3244
2025-02-03,PLN,10.2782
2025-02-04,USD,41.7908
2025-02-04,EUR,42.8627
2025-02-04,PLN,10.1333
2025-02-05,USD,41.7558
2025-02-05,EUR,43.117
2025-02-05,PLN,10.2187
2025-02-06,USD,41.6584
2025-02-06,EUR,43.4081
2025-02-06,PLN,10.3422
2025-02-07,USD,41.4897
2025-02-07,EUR,42.9792
2025-02-07,PLN,10.2171
2025-02-08,USD,41.4897
2025-02-08,EUR,42.9792
2025-02-08,PLN,10.2171
2025-02-09,USD,41.4897
2025-02-09,EUR,42.9792
2025-02-09,PLN,10.2171
2025-02-10,USD,41.4733
2025-02-10,EUR,43.0327
2025-02-10,PLN,10.2542
2025-02-11,USD,41.5936
2025-02-11,EUR,42.8955
2025-02-11,PLN,10.2677
2025-02-12,USD,41.6696
2025-02-12,EUR,43.0114
2025-02-12,PLN,10.2992
2025-02-13,USD,41.7927
2025-02-13,EUR,43.3557
2025-02-13,PLN,10.3954
2025-02-14,USD,41.7996
2025-02-14,EUR,43.4361
2025-02-14,PLN,10.4142
2025-02-15,USD,41.7996
2025-02-15,EUR,43.4361
2025-02-15,PLN,10.4142
2025-02-16,USD,41.7996
2025-02-16,EUR,43.4361
2025-02-16,PLN,10.4142
2025-02-17,USD,41.6299
2025-02-17,EUR,43.5907
2025-02-17,PLN,10.4661
2025-02-18,USD,41.5554
2025-02-18,EUR,43.5168
2025-02-18,PLN,10.4626
2025-02-19,USD,41.5705
2025-02-19,EUR,43.4661
2025-02-19,PLN,10.4357
2025-02-20,USD,41.6814
2025-02-20,EUR,43.4737
2025-02-20,PLN,10.4092
2025-02-21,USD,41.7316
2025-02-21,EUR,43.5511
2025-02-21,PLN,10.4748
2025-02-22,USD,41.7316
2025-02-22,EUR,43.5511
2025-02-22,PLN,10.4748
2025-02-23,USD,41.7316
2025-02-23,EUR,43.5511
2025-02-23,PLN,10.4748
2025-02-24,USD,41.5919
2025-02-24,EUR,43.5093
2025-02-24,PLN,10.4395
2025-02-25,USD,41.7015
2025-02-25,EUR,43.6448
2025-02-25,PLN,10.5264
2025-02-26,USD,41.7358
2025-02-26,EUR,43.7892
2025-02-26,PLN,10.5741
2025-02-27,USD,41.639
2025-02-27,EUR,43.6252
2025-02-27,PLN,10.5266
2025-02-28,USD,41.514
2025-02-28,EUR,43.4942
2025-02-28,PLN,10.5309
2025-03-01,USD,41.514
2025-03-01,EUR,43.4942
2025-03-01,PLN,10.5309
2025-03-02,USD,41.514
2025-03-02,EUR,43.4942
2025-03-02,PLN,10.5309
2025-03-03,USD,41.4313
2025-03-03,EUR,43.1134
2025-03-03,PLN,10.389
2025-03-04,USD,41.5911
2025-03-04,EUR,43.5417
2025-03-04,PLN,10.4382
2025-03-05,USD,41.5782
2025-03-05,EUR,43.8775
2025-03-05,PLN,10.5502
2025-03-06,USD,41.368
2025-03-06,EUR,44.2493
2025-03-06,PLN,10.674
2025-03-07,USD,41.2742
2025-03-07,EUR,44.5596
2025-03-07,PLN,10.6715
2025-03-08,USD,41.2742
2025-03-08,EUR,44.5596
2025-03-08,PLN,10.6715
2025-03-09,USD,41.2742
2025-03-09,EUR,44.5596
2025-03-09,PLN,10.6715
2025-03-10,USD,41.2127
2025-03-10,EUR,44.7281
2025-03-10,PLN,10.7063
2025-03-11,USD,41.287
2025-03-11,EUR,44.7716
2025-03-11,PLN,10.6754
2025-03-12,USD,41.4124
2025-03-12,EUR,45.2141
2025-03-12,PLN,10.7755
2025-03-13,USD,41.5076
2025-03-13,EUR,45.1644
2025-03-13,PLN,10.7647
2025-03-14,USD,41.527
2025-03-14,EUR,45.0007
2025-03-14,PLN,10.7194
2025-03-15,USD,41.527
2025-03-15,EUR,45.0007
2025-03-15,PLN,10.7194
2025-03-16,USD,41.527
2025-03-16,EUR,45.0007
2025-03-16,PLN,10.7194
2025-03-17,USD,41.5098
2025-03-17,EUR,45.2291
2025-03-17,PLN,10.8446
2025-03-18,USD,41.4395
2025-03-18,EUR,45.1649
2025-03-18,PLN,10.7848
2025-03-19,USD,41.5658
2025-03-19,EUR,45.3483
2025-03-19,PLN,10.8603
2025-03-20,USD,41.573
2025-03-20,EUR,45.3229
2025-03-20,PLN,10.8209
2025-03-21,USD,41.541
2025-03-21,EUR,45.0014
2025-03-21,PLN,10.7189
2025-03-22,USD,41.541
2025-03-22,EUR,45.0014
2025-03-22,PLN,10.7189
2025-03-23,USD,41.541
2025-03-23,EUR,45.0014
2025-03-23,PLN,10.7189
2025-03-24,USD,41.5277
2025-03-24,EUR,44.9807
2025-03-24,PLN,10.7141
2025-03-25,USD,41.6446
2025-03-25,EUR,45.0886
2025-03-25,PLN,10.7885
2025-03-26,USD,41.6949
2025-03-26,EUR,45.1389
2025-03-26,PLN,10.8411
2025-03-27,USD,41.5644
2025-03-27,EUR,44.823
2025-03-27,PLN,10.7399
2025-03-28,USD,41.4863
2025-03-28,EUR,44.7471
2025-03-28,PLN,10.6561
2025-03-29,USD,41.4863
2025-03-29,EUR,44.7471
2025-03-29,PLN,10.6561
2025-03-30,USD,41.4863
2025-03-30,EUR,44.7471
2025-03-30,PLN,10.6561
2025-03-31,USD,41.4787
2025-03-31,EUR,44.7472
2025-03-31,PLN,10.7078
2025-04-01,USD,41.4228
2025-04-01,EUR,44.8278
2025-04-01,PLN,10.716
2025-04-02,USD,41.373
2025-04-02,EUR,44.6084
2025-04-02,PLN,10.6538
2025-04-03,USD,41.3162
2025-04-03,EUR,44.6339
2025-04-03,PLN,10.6829
2025-04-04,USD,41.3426
2025-04-04,EUR,45.8531
2025-04-04,PLN,10.9297
2025-04-05,USD,41.3426
2025-04-05,EUR,45.8531
2025-04-05,PLN,10.9297
2025-04-06,USD,41.3426
2025-04-06,EUR,45.8531
2025-04-06,PLN,10.9297
2025-04-07,USD,41.1941
2025-04-07,EUR,45.5524
2025-04-07,PLN,10.7023
2025-04-08,USD,41.0807
2025-04-08,EUR,45.0532
2025-04-08,PLN,10.4921
2025-04-09,USD,41.174
2025-04-09,EUR,45.0258
2025-04-09,PLN,10.5377
2025-04-10,USD,41.2751
2025-04-10,EUR,45.5471
2025-04-10,PLN,10.6057
2025-04-11,USD,41.4031
2025-04-11,EUR,45.8415
2025-04-11,PLN,10.7703
2025-04-12,USD,41.4031
2025-04-12,EUR,45.8415
2025-04-12,PLN,10.7703
2025-04-13,USD,41.4031
2025-04-13,EUR,45.8415
2025-04-13,PLN,10.7703
2025-04-14,USD,41.3879
2025-04-14,EUR,46.9153
2025-04-14,PLN,10.9232
2025-04-15,USD,41.3153
2025-04-15,EUR,47.0271
2025-04-15,PLN,10.9732
2025-04-16,USD,41.1753
2025-04-16,EUR,46.6104
2025-04-16,PLN,10.8843
2025-04-17,USD,41.2152
2025-04-17,EUR,46.8205
2025-04-17,PLN,10.8992
2025-04-18,USD,41.3825
2025-04-18,EUR,47.0043
2025-04-18,PLN,10.999
2025-04-19,USD,41.3825
2025-04-19,EUR,47.0043
2025-04-19,PLN,10.999
2025-04-20,USD,41.3825
2025-04-20,EUR,47.0043
2025-04-20,PLN,10.999
2025-04-21,USD,41.3955
2025-04-21,EUR,47.0253
2025-04-21,PLN,10.9916
2025-04-22,USD,41.3785
2025-04-22,EUR,47.7653
2025-04-22,PLN,11.1734
2025-04-23,USD,41.5185
2025-04-23,EUR,47.7131
2025-04-23,PLN,11.148
2025-04-24,USD,41.6707
2025-04-24,EUR,47.5421
2025-04-24,PLN,11.0753
2025-04-25,USD,41.689
2025-04-25,EUR,47.4171
2025-04-25,PLN,11.0928
2025-04-26,USD,41.689
2025-04-26,EUR,47.4171
2025-04-26,PLN,11.0928
2025-04-27,USD,41.689
2025-04-27,EUR,47.4171
2025-04-27,PLN,11.0928
2025-04-28,USD,41.7513
2025-04-28,EUR,47.3856
2025-04-28,PLN,11.102
2025-04-29,USD,41.7441
2025-04-29,EUR,47.3921
2025-04-29,PLN,11.0859
2025-04-30,USD,41.5647
2025-04-30,EUR,47.284
2025-04-30,PLN,11.0733
2025-05-01,USD,41.4706
2025-05-01,EUR,47.1687
2025-05-01,PLN,11.035
2025-05-02,USD,41.5945
2025-05-02,EUR,47.0808
2025-05-02,PLN,11.003
2025-05-03,USD,41.5945
2025-05-03,EUR,47.0808
2025-05-03,PLN,11.003
2025-05-04,USD,41.5945
2025-05-04,EUR,47.0808
2025-05-04,PLN,11.003
2025-05-05,USD,41.7091
2025-05-05,EUR,47.3127
2025-05-05,PLN,11.0696
2025-05-06,USD,41.6036
2025-05-06,EUR,47.1868
2025-05-06,PLN,11.0313
2025-05-07,USD,41.4544
2025-05-07,EUR,46.9637
2025-05-07,PLN,10.9851
2025-05-08,USD,41.4388
2025-05-08,EUR,47.0745
2025-05-08,PLN,11.0037
2025-05-09,USD,41.5113
2025-05-09,EUR,46.887
2025-05-09,PLN,10.9792
2025-05-10,USD,41.5113
2025-05-10,EUR,46.887
2025-05-10,PLN,10.9792
2025-05-11,USD,41.5113
2025-05-11,EUR,46.887
2025-05-11,PLN,10.9792
2025-05-12,USD,41.547
2025-05-12,EUR,46.7528
2025-05-12,PLN,11.0292
2025-05-13,USD,41.5387
2025-05-13,EUR,46.1578
2025-05-13,PLN,10.8848
2025-05-14,USD,41.5004
2025-05-14,EUR,46.0924
2025-05-14,PLN,10.8461
2025-05-15,USD,41.5376
2025-05-15,EUR,46.5886
2025-05-15,PLN,10.9815
2025-05-16,USD,41.4709
2025-05-16,EUR,46.3831
2025-05-16,PLN,10.9364
2025-05-17,USD,41.4709
2025-05-17,EUR,46.3831
2025-05-17,PLN,10.9364
2025-05-18,USD,41.4709
2025-05-18,EUR,46.3831
2025-05-18,PLN,10.9364
2025-05-19,USD,41.4983
2025-05-19,EUR,46.449
2025-05-19,PLN,10.9252
2025-05-20,USD,41.576
2025-05-20,EUR,46.8562
2025-05-20,PLN,10.9783
2025-05-21,USD,41.4851
2025-05-21,EUR,46.6521
2025-05-21,PLN,10.9842
2025-05-22,USD,41.436
2025-05-22,EUR,46.9138
2025-05-22,PLN,11.0552
2025-05-23,USD,41.4999
2025-05-23,EUR,46.9281
2025-05-23,PLN,11.0537
2025-05-24,USD,41.4999
2025-05-24,EUR,46.9281
2025-05-24,PLN,11.0537
2025-05-25,USD,41.4999
2025-05-25,EUR,46.9281
2025-05-25,PLN,11.0537
2025-05-26,USD,41.5094
2025-05-26,EUR,46.9949
2025-05-26,PLN,11.026
2025-05-27,USD,41.5707
2025-05-27,EUR,47.295
2025-05-27,PLN,11.1369
2025-05-28,USD,41.6758
2025-05-28,EUR,47.3104
2025-05-28,PLN,11.1379
2025-05-29,USD,41.5903
2025-05-29,EUR,47.0761
2025-05-29,PLN,11.0964
2025-05-30,USD,41.5285
2025-05-30,EUR,46.8026
2025-05-30,PLN,11.0489
2025-05-31,USD,41.5285
2025-05-31,EUR,46.8026
2025-05-31,PLN,11.0489
2025-06-01,USD,41.5285
2025-06-01,EUR,46.8026
2025-06-01,PLN,11.0489
2025-06-02,USD,41.5261
2025-06-02,EUR,47.074
2025-06-02,PLN,11.0795
2025-06-03,USD,41.6184
2025-06-03,EUR,47.5032
2025-06-03,PLN,11.1515
2025-06-04,USD,41.6385
2025-06-04,EUR,47.4263
2025-06-04,PLN,11.0909
2025-06-05,USD,41.4829
2025-06-05,EUR,47.2013
2025-06-05,PLN,11.0227
2025-06-06,USD,41.4717
2025-06-06,EUR,47.3773
2025-06-06,PLN,11.0559
2025-06-07,USD,41.4717
2025-06-07,EUR,47.3773
2025-06-07,PLN,11.0559
2025-06-08,USD,41.4717
2025-06-08,EUR,47.3773
2025-06-08,PLN,11.0559
2025-06-09,USD,41.4018
2025-06-09,EUR,47.2726
2025-06-09,PLN,11.0243
2025-06-10,USD,41.4919
2025-06-10,EUR,47.3713
2025-06-10,PLN,11.0929
2025-06-11,USD,41.5566
2025-06-11,EUR,47.5033
2025-06-11,PLN,11.1678
2025-06-12,USD,41.5117
2025-06-12,EUR,47.4562
2025-06-12,PLN,11.1366
2025-06-13,USD,41.488
2025-06-13,EUR,48.0825
2025-06-13,PLN,11.269
2025-06-14,USD,41.488
2025-06-14,EUR,48.0825
2025-06-14,PLN,11.269
2025-06-15,USD,41.488
2025-06-15,EUR,48.0825
2025-06-15,PLN,11.269
2025-06-16,USD,41.4466
2025-06-16,EUR,47.6926
2025-06-16,PLN,11.1581
2025-06-17,USD,41.5306
2025-06-17,EUR,48.0675
2025-06-17,PLN,11.276
2025-06-18,USD,41.5255
2025-06-18,EUR,48.0159
2025-06-18,PLN,11.2264
2025-06-19,USD,41.6293
2025-06-19,EUR,47.9028
2025-06-19,PLN,11.206
2025-06-20,USD,41.6854
2025-06-20,EUR,47.859
2025-06-20,PLN,11.1895
2025-06-21,USD,41.6854
2025-06-21,EUR,47.859
2025-06-21,PLN,11.1895
2025-06-22,USD,41.6854
2025-06-22,EUR,47.859
2025-06-22,PLN,11.1895
2025-06-23,USD,41.8335
2025-06-23,EUR,48.2006
2025-06-23,PLN,11.3027
2025-06-24,USD,41.8702
2025-06-24,EUR,48.0209
2025-06-24,PLN,11.2307
2025-06-25,USD,41.7924
2025-06-25,EUR,48.5084
2025-06-25,PLN,11.395
2025-06-26,USD,41.662
2025-06-26,EUR,48.3238
2025-06-26,PLN,11.3753
2025-06-27,USD,41.5852
2025-06-27,EUR,48.638
2025-06-27,PLN,11.4538
2025-06-28,USD,41.5852
2025-06-28,EUR,48.638
2025-06-28,PLN,11.4538
2025-06-29,USD,41.5852
2025-06-29,EUR,48.638
2025-06-29,PLN,11.4538
2025-06-30,USD,41.6409
2025-06-30,EUR,48.7823
2025-06-30,PLN,11.5091
2025-07-01,USD,41.7788
2025-07-01,EUR,48.9856
2025-07-01,PLN,11.5478
2025-07-02,USD,41.8191
2025-07-02,EUR,49.4093
2025-07-02,PLN,11.6436
2025-07-03,USD,41.8116
2025-07-03,EUR,49.1328
2025-07-03,PLN,11.5604
2025-07-04,USD,41.7239
2025-07-04,EUR,49.1758
2025-07-04,PLN,11.5733
2025-07-05,USD,41.7239
2025-07-05,EUR,49.1758
2025-07-05,PLN,11.5733
2025-07-06,USD,41.7239
2025-07-06,EUR,49.1758
2025-07-06,PLN,11.5733
2025-07-07,USD,41.7341
2025-07-07,EUR,49.121
2025-07-07,PLN,11.5665
2025-07-08,USD,41.7975
2025-07-08,EUR,49.0285
2025-07-08,PLN,11.5424
2025-07-09,USD,41.8462
2025-07-09,EUR,49.0563
2025-07-09,PLN,11.5584
2025-07-10,USD,41.7745
2025-07-10,EUR,48.8427
2025-07-10,PLN,11.5189
2025-07-11,USD,41.8232
2025-07-11,EUR,48.975
2025-07-11,PLN,11.5279
2025-07-12,USD,41.8232
2025-07-12,EUR,48.975
2025-07-12,PLN,11.5279
2025-07-13,USD,41.8232
2025-07-13,EUR,48.975
2025-07-13,PLN,11.5279
2025-07-14,USD,41.7842
2025-07-14,EUR,48.8416
2025-07-14,PLN,11.47
2025-07-15,USD,41.8355
2025-07-15,EUR,48.8973
2025-07-15,PLN,11.4775
2025-07-16,USD,41.8211
2025-07-16,EUR,48.8031
2025-07-16,PLN,11.4701
2025-07-17,USD,41.8129
2025-07-17,EUR,48.5197
2025-07-17,PLN,11.3901
2025-07-18,USD,41.867
2025-07-18,EUR,48.4527
2025-07-18,PLN,11.3853
2025-07-19,USD,41.867
2025-07-19,EUR,48.4527
2025-07-19,PLN,11.3853
2025-07-20,USD,41.867
2025-07-20,EUR,48.4527
2025-07-20,PLN,11.3853
2025-07-21,USD,41.7514
2025-07-21,EUR,48.607
2025-07-21,PLN,11.4397
2025-07-22,USD,41.8194
2025-07-22,EUR,48.7907
2025-07-22,PLN,11.4986
2025-07-23,USD,41.7653
2025-07-23,EUR,48.8654
2025-07-23,PLN,11.4797
2025-07-24,USD,41.7651
2025-07-24,EUR,48.9821
2025-07-24,PLN,11.5087
2025-07-25,USD,41.7738
2025-07-25,EUR,49.1009
2025-07-25,PLN,11.5372
2025-07-26,USD,41.7738
2025-07-26,EUR,49.1009
2025-07-26,PLN,11.5372
2025-07-27,USD,41.7738
2025-07-27,EUR,49.1009
2025-07-27,PLN,11.5372
2025-07-28,USD,41.7824
2025-07-28,EUR,48.9815
2025-07-28,PLN,11.5106
2025-07-29,USD,41.7997
2025-07-29,EUR,48.6967
2025-07-29,PLN,11.4341
2025-07-30,USD,41.7886
2025-07-30,EUR,48.224
2025-07-30,PLN,11.268
2025-07-31,USD,41.7662
2025-07-31,EUR,48.1481
2025-07-31,PLN,11.2818
2025-08-01,USD,41.7132
2025-08-01,EUR,47.7491
2025-08-01,PLN,11.1736
